FileName_slice,LEFT CSF VOLUME,RIGHT CSF VOLUME,TOTAL CSF VOLUME,INFARCT SIDE,NWU,INFARCT VOX_NUMBERS,INFARCT DENSITY,NON INFARCT VOX_NUMBERS,NON INFARCT DENSITY,INFARCT VOLUME,INFARCT REFLECTION VOLUME,BET VOLUME,CSF RATIO,LEFT BRAIN VOLUME without CSF,RIGHT BRAIN VOLUME without CSF,INFARCT THRESH RANGE,NORMAL THRESH RANGE,
BJH_101_13012019_1330_2_resaved_levelset,49.41146338,54.30231299,103.7137764,RIGHT,31.70771283,8479,29.88276919,8792,43.75716561,4.754162109,4.737610107,1129.619138,0.909932941,508.5399705,517.39102,0to40,20to80,
BJH_041_22062019_2200_2_resaved_levelset,31.81234288,20.12757282,51.9399157,RIGHT,16.58258712,115014,31.26797607,122168,37.48375188,68.30333601,66.88335865,1211.285416,0.632696966,571.0566939,588.289884,0to40,20to80,
BJH_002_11112019_1930_2_resaved_levelset,155.4175899,149.8149756,305.2325655,RIGHT,34.03519171,1011,22.16023739,670,33.59402985,0.701357174,0.473982811,1412.805373,0.963951222,549.2821933,558.3386996,0to40,20to80,
BJH_031_03082019_1215_2_resaved_levelset,93.08070729,93.87625772,186.956965,RIGHT,11.52190363,2037,34.28964163,2677,38.75494957,1.774789982,1.749949459,1312.903994,0.991525542,559.1117938,566.7875154,0to40,20to80,
BJH_087_19022019_0420_2_resaved_levelset,70.06870422,62.92402496,132.9927292,RIGHT,19.66562864,19399,32.88793237,22829,40.9388059,13.53606262,13.02481842,1087.02149,0.898033233,471.6501938,479.9508499,0to40,20to80,
BJH_081_03032019_0615_4_resaved_levelset,64.71039963,50.3317234,115.042123,LEFT,30.37219021,3104,26.11275773,3139,37.50334501,1.992346573,1.947547531,1316.430133,0.777799607,595.5306129,605.8731377,0to40,20to80,